"filename", "language", "Markdown", "JavaScript React", "HTML", "CSS", "JSON", "JavaScript", "XML", "comment", "blank", "total"
"c:\Users\Administrator.DESKTOP-25OOQGO\Desktop\React\My\ThreeJs\index.md", "Markdown", 7, 0, 0, 0, 0, 0, 0, 0, 6, 13
"c:\Users\Administrator.DESKTOP-25OOQGO\Desktop\React\My\ThreeJs\study\camera\OrthographicCamera.html", "HTML", 0, 0, 46, 0, 0, 0, 0, 0, 1, 47
"c:\Users\Administrator.DESKTOP-25OOQGO\Desktop\React\My\ThreeJs\study\camera\PerspectiveCamera.html", "HTML", 0, 0, 53, 0, 0, 0, 0, 0, 0, 53
"c:\Users\Administrator.DESKTOP-25OOQGO\Desktop\React\My\ThreeJs\study\demo1\index.html", "HTML", 0, 0, 47, 0, 0, 0, 0, 0, 1, 48
"c:\Users\Administrator.DESKTOP-25OOQGO\Desktop\React\My\ThreeJs\study\three.js", "JavaScript", 0, 0, 0, 0, 0, 27937, 0, 1581, 6971, 36489
"c:\Users\Administrator.DESKTOP-25OOQGO\Desktop\React\My\ThreeJs\threejs\README.md", "Markdown", 38, 0, 0, 0, 0, 0, 0, 0, 33, 71
"c:\Users\Administrator.DESKTOP-25OOQGO\Desktop\React\My\ThreeJs\threejs\package.json", "JSON", 0, 0, 0, 0, 38, 0, 0, 0, 1, 39
"c:\Users\Administrator.DESKTOP-25OOQGO\Desktop\React\My\ThreeJs\threejs\public\index.html", "HTML", 0, 0, 20, 0, 0, 0, 0, 23, 1, 44
"c:\Users\Administrator.DESKTOP-25OOQGO\Desktop\React\My\ThreeJs\threejs\public\manifest.json", "JSON", 0, 0, 0, 0, 25, 0, 0, 0, 1, 26
"c:\Users\Administrator.DESKTOP-25OOQGO\Desktop\React\My\ThreeJs\threejs\src\App.css", "CSS", 0, 0, 0, 33, 0, 0, 0, 0, 6, 39
"c:\Users\Administrator.DESKTOP-25OOQGO\Desktop\React\My\ThreeJs\threejs\src\App.js", "JavaScript", 0, 0, 0, 0, 0, 23, 0, 0, 3, 26
"c:\Users\Administrator.DESKTOP-25OOQGO\Desktop\React\My\ThreeJs\threejs\src\App.test.js", "JavaScript", 0, 0, 0, 0, 0, 7, 0, 0, 2, 9
"c:\Users\Administrator.DESKTOP-25OOQGO\Desktop\React\My\ThreeJs\threejs\src\index.css", "CSS", 0, 0, 0, 12, 0, 0, 0, 0, 2, 14
"c:\Users\Administrator.DESKTOP-25OOQGO\Desktop\React\My\ThreeJs\threejs\src\index.js", "JavaScript", 0, 0, 0, 0, 0, 12, 0, 3, 3, 18
"c:\Users\Administrator.DESKTOP-25OOQGO\Desktop\React\My\ThreeJs\threejs\src\logo.svg", "XML", 0, 0, 0, 0, 0, 0, 1, 0, 0, 1
"c:\Users\Administrator.DESKTOP-25OOQGO\Desktop\React\My\ThreeJs\threejs\src\reportWebVitals.js", "JavaScript", 0, 0, 0, 0, 0, 12, 0, 0, 2, 14
"c:\Users\Administrator.DESKTOP-25OOQGO\Desktop\React\My\ThreeJs\threejs\src\setupTests.js", "JavaScript", 0, 0, 0, 0, 0, 1, 0, 4, 1, 6
"c:\Users\Administrator.DESKTOP-25OOQGO\Desktop\React\React核心\reactdemo copy 2\README.md", "Markdown", 38, 0, 0, 0, 0, 0, 0, 0, 33, 71
"c:\Users\Administrator.DESKTOP-25OOQGO\Desktop\React\React核心\reactdemo copy 2\package.json", "JSON", 0, 0, 0, 0, 42, 0, 0, 0, 1, 43
"c:\Users\Administrator.DESKTOP-25OOQGO\Desktop\React\React核心\reactdemo copy 2\public\index.html", "HTML", 0, 0, 21, 0, 0, 0, 0, 23, 1, 45
"c:\Users\Administrator.DESKTOP-25OOQGO\Desktop\React\React核心\reactdemo copy 2\public\manifest.json", "JSON", 0, 0, 0, 0, 25, 0, 0, 0, 1, 26
"c:\Users\Administrator.DESKTOP-25OOQGO\Desktop\React\React核心\reactdemo copy 2\src\App copy 10.jsx", "JavaScript React", 0, 28, 0, 0, 0, 0, 0, 0, 3, 31
"c:\Users\Administrator.DESKTOP-25OOQGO\Desktop\React\React核心\reactdemo copy 2\src\App copy 11.jsx", "JavaScript React", 0, 16, 0, 0, 0, 0, 0, 0, 3, 19
"c:\Users\Administrator.DESKTOP-25OOQGO\Desktop\React\React核心\reactdemo copy 2\src\App copy 12.jsx", "JavaScript React", 0, 16, 0, 0, 0, 0, 0, 0, 3, 19
"c:\Users\Administrator.DESKTOP-25OOQGO\Desktop\React\React核心\reactdemo copy 2\src\App copy 13.jsx", "JavaScript React", 0, 27, 0, 0, 0, 0, 0, 2, 5, 34
"c:\Users\Administrator.DESKTOP-25OOQGO\Desktop\React\React核心\reactdemo copy 2\src\App copy 14.jsx", "JavaScript React", 0, 71, 0, 0, 0, 0, 0, 8, 12, 91
"c:\Users\Administrator.DESKTOP-25OOQGO\Desktop\React\React核心\reactdemo copy 2\src\App copy 15.jsx", "JavaScript React", 0, 22, 0, 0, 0, 0, 0, 2, 4, 28
"c:\Users\Administrator.DESKTOP-25OOQGO\Desktop\React\React核心\reactdemo copy 2\src\App copy 16.jsx", "JavaScript React", 0, 24, 0, 0, 0, 0, 0, 0, 3, 27
"c:\Users\Administrator.DESKTOP-25OOQGO\Desktop\React\React核心\reactdemo copy 2\src\App copy 17.jsx", "JavaScript React", 0, 92, 0, 0, 0, 0, 0, 0, 11, 103
"c:\Users\Administrator.DESKTOP-25OOQGO\Desktop\React\React核心\reactdemo copy 2\src\App copy 18.jsx", "JavaScript React", 0, 19, 0, 0, 0, 0, 0, 0, 3, 22
"c:\Users\Administrator.DESKTOP-25OOQGO\Desktop\React\React核心\reactdemo copy 2\src\App copy 19.jsx", "JavaScript React", 0, 18, 0, 0, 0, 0, 0, 0, 3, 21
"c:\Users\Administrator.DESKTOP-25OOQGO\Desktop\React\React核心\reactdemo copy 2\src\App copy 2.jsx", "JavaScript React", 0, 31, 0, 0, 0, 0, 0, 0, 1, 32
"c:\Users\Administrator.DESKTOP-25OOQGO\Desktop\React\React核心\reactdemo copy 2\src\App copy 20.jsx", "JavaScript React", 0, 18, 0, 0, 0, 0, 0, 0, 3, 21
"c:\Users\Administrator.DESKTOP-25OOQGO\Desktop\React\React核心\reactdemo copy 2\src\App copy 21.jsx", "JavaScript React", 0, 19, 0, 0, 0, 0, 0, 0, 3, 22
"c:\Users\Administrator.DESKTOP-25OOQGO\Desktop\React\React核心\reactdemo copy 2\src\App copy 22.jsx", "JavaScript React", 0, 11, 0, 0, 0, 0, 0, 0, 2, 13
"c:\Users\Administrator.DESKTOP-25OOQGO\Desktop\React\React核心\reactdemo copy 2\src\App copy 23.jsx", "JavaScript React", 0, 31, 0, 0, 0, 0, 0, 6, 3, 40
"c:\Users\Administrator.DESKTOP-25OOQGO\Desktop\React\React核心\reactdemo copy 2\src\App copy 24.jsx", "JavaScript React", 0, 10, 0, 0, 0, 0, 0, 0, 3, 13
"c:\Users\Administrator.DESKTOP-25OOQGO\Desktop\React\React核心\reactdemo copy 2\src\App copy 25.jsx", "JavaScript React", 0, 41, 0, 0, 0, 0, 0, 6, 5, 52
"c:\Users\Administrator.DESKTOP-25OOQGO\Desktop\React\React核心\reactdemo copy 2\src\App copy 26.jsx", "JavaScript React", 0, 41, 0, 0, 0, 0, 0, 6, 5, 52
"c:\Users\Administrator.DESKTOP-25OOQGO\Desktop\React\React核心\reactdemo copy 2\src\App copy 27.jsx", "JavaScript React", 0, 28, 0, 0, 0, 0, 0, 0, 4, 32
"c:\Users\Administrator.DESKTOP-25OOQGO\Desktop\React\React核心\reactdemo copy 2\src\App copy 28.jsx", "JavaScript React", 0, 25, 0, 0, 0, 0, 0, 3, 5, 33
"c:\Users\Administrator.DESKTOP-25OOQGO\Desktop\React\React核心\reactdemo copy 2\src\App copy 29.jsx", "JavaScript React", 0, 25, 0, 0, 0, 0, 0, 3, 5, 33
"c:\Users\Administrator.DESKTOP-25OOQGO\Desktop\React\React核心\reactdemo copy 2\src\App copy 3.jsx", "JavaScript React", 0, 31, 0, 0, 0, 0, 0, 0, 1, 32
"c:\Users\Administrator.DESKTOP-25OOQGO\Desktop\React\React核心\reactdemo copy 2\src\App copy 30.jsx", "JavaScript React", 0, 15, 0, 0, 0, 0, 0, 0, 4, 19
"c:\Users\Administrator.DESKTOP-25OOQGO\Desktop\React\React核心\reactdemo copy 2\src\App copy 31.jsx", "JavaScript React", 0, 29, 0, 0, 0, 0, 0, 19, 4, 52
"c:\Users\Administrator.DESKTOP-25OOQGO\Desktop\React\React核心\reactdemo copy 2\src\App copy 32.jsx", "JavaScript React", 0, 44, 0, 0, 0, 0, 0, 7, 3, 54
"c:\Users\Administrator.DESKTOP-25OOQGO\Desktop\React\React核心\reactdemo copy 2\src\App copy 33.jsx", "JavaScript React", 0, 32, 0, 0, 0, 0, 0, 5, 4, 41
"c:\Users\Administrator.DESKTOP-25OOQGO\Desktop\React\React核心\reactdemo copy 2\src\App copy 34.jsx", "JavaScript React", 0, 39, 0, 0, 0, 0, 0, 1, 4, 44
"c:\Users\Administrator.DESKTOP-25OOQGO\Desktop\React\React核心\reactdemo copy 2\src\App copy 35.jsx", "JavaScript React", 0, 22, 0, 0, 0, 0, 0, 0, 4, 26
"c:\Users\Administrator.DESKTOP-25OOQGO\Desktop\React\React核心\reactdemo copy 2\src\App copy 36.jsx", "JavaScript React", 0, 33, 0, 0, 0, 0, 0, 3, 6, 42
"c:\Users\Administrator.DESKTOP-25OOQGO\Desktop\React\React核心\reactdemo copy 2\src\App copy 37.jsx", "JavaScript React", 0, 46, 0, 0, 0, 0, 0, 3, 7, 56
"c:\Users\Administrator.DESKTOP-25OOQGO\Desktop\React\React核心\reactdemo copy 2\src\App copy 4.jsx", "JavaScript React", 0, 24, 0, 0, 0, 0, 0, 8, 2, 34
"c:\Users\Administrator.DESKTOP-25OOQGO\Desktop\React\React核心\reactdemo copy 2\src\App copy 5.jsx", "JavaScript React", 0, 20, 0, 0, 0, 0, 0, 0, 3, 23
"c:\Users\Administrator.DESKTOP-25OOQGO\Desktop\React\React核心\reactdemo copy 2\src\App copy 6.jsx", "JavaScript React", 0, 58, 0, 0, 0, 0, 0, 5, 3, 66
"c:\Users\Administrator.DESKTOP-25OOQGO\Desktop\React\React核心\reactdemo copy 2\src\App copy 7.jsx", "JavaScript React", 0, 34, 0, 0, 0, 0, 0, 0, 6, 40
"c:\Users\Administrator.DESKTOP-25OOQGO\Desktop\React\React核心\reactdemo copy 2\src\App copy 8.jsx", "JavaScript React", 0, 18, 0, 0, 0, 0, 0, 0, 3, 21
"c:\Users\Administrator.DESKTOP-25OOQGO\Desktop\React\React核心\reactdemo copy 2\src\App copy 9.jsx", "JavaScript React", 0, 16, 0, 0, 0, 0, 0, 0, 3, 19
"c:\Users\Administrator.DESKTOP-25OOQGO\Desktop\React\React核心\reactdemo copy 2\src\App copy.jsx", "JavaScript React", 0, 18, 0, 0, 0, 0, 0, 0, 2, 20
"c:\Users\Administrator.DESKTOP-25OOQGO\Desktop\React\React核心\reactdemo copy 2\src\App.jsx", "JavaScript React", 0, 9, 0, 0, 0, 0, 0, 0, 2, 11
"c:\Users\Administrator.DESKTOP-25OOQGO\Desktop\React\React核心\reactdemo copy 2\src\Hooks\useAllStudent.js", "JavaScript", 0, 0, 0, 0, 0, 11, 0, 0, 1, 12
"c:\Users\Administrator.DESKTOP-25OOQGO\Desktop\React\React核心\reactdemo copy 2\src\Hooks\useFouceUpdate.js", "JavaScript", 0, 0, 0, 0, 0, 8, 0, 0, 1, 9
"c:\Users\Administrator.DESKTOP-25OOQGO\Desktop\React\React核心\reactdemo copy 2\src\Hooks\usePageStudent.js", "JavaScript", 0, 0, 0, 0, 0, 11, 0, 0, 1, 12
"c:\Users\Administrator.DESKTOP-25OOQGO\Desktop\React\React核心\reactdemo copy 2\src\Hooks\useReducer.js", "JavaScript", 0, 0, 0, 0, 0, 10, 0, 7, 2, 19
"c:\Users\Administrator.DESKTOP-25OOQGO\Desktop\React\React核心\reactdemo copy 2\src\MyClassComponent.jsx", "JavaScript React", 0, 6, 0, 0, 0, 0, 0, 6, 2, 14
"c:\Users\Administrator.DESKTOP-25OOQGO\Desktop\React\React核心\reactdemo copy 2\src\MyFunComponent.jsx", "JavaScript React", 0, 4, 0, 0, 0, 0, 0, 1, 2, 7
"c:\Users\Administrator.DESKTOP-25OOQGO\Desktop\React\React核心\reactdemo copy 2\src\components\BlockMove\Test.jsx", "JavaScript React", 0, 33, 0, 0, 0, 0, 0, 0, 3, 36
"c:\Users\Administrator.DESKTOP-25OOQGO\Desktop\React\React核心\reactdemo copy 2\src\components\BlockMove\index.css", "CSS", 0, 0, 0, 7, 0, 0, 0, 0, 1, 8
"c:\Users\Administrator.DESKTOP-25OOQGO\Desktop\React\React核心\reactdemo copy 2\src\components\BlockMove\index.jsx", "JavaScript React", 0, 50, 0, 0, 0, 0, 0, 8, 6, 64
"c:\Users\Administrator.DESKTOP-25OOQGO\Desktop\React\React核心\reactdemo copy 2\src\components\Button\index.jsx", "JavaScript React", 0, 27, 0, 0, 0, 0, 0, 0, 6, 33
"c:\Users\Administrator.DESKTOP-25OOQGO\Desktop\React\React核心\reactdemo copy 2\src\components\Carousel\CarouselBtn\index.css", "CSS", 0, 0, 0, 20, 0, 0, 0, 0, 3, 23
"c:\Users\Administrator.DESKTOP-25OOQGO\Desktop\React\React核心\reactdemo copy 2\src\components\Carousel\CarouselBtn\index.jsx", "JavaScript React", 0, 32, 0, 0, 0, 0, 0, 0, 5, 37
"c:\Users\Administrator.DESKTOP-25OOQGO\Desktop\React\React核心\reactdemo copy 2\src\components\Carousel\CarouselDir\index.css", "CSS", 0, 0, 0, 14, 0, 0, 0, 0, 1, 15
"c:\Users\Administrator.DESKTOP-25OOQGO\Desktop\React\React核心\reactdemo copy 2\src\components\Carousel\CarouselDir\index.jsx", "JavaScript React", 0, 43, 0, 0, 0, 0, 0, 0, 5, 48
"c:\Users\Administrator.DESKTOP-25OOQGO\Desktop\React\React核心\reactdemo copy 2\src\components\Carousel\index.css", "CSS", 0, 0, 0, 17, 0, 0, 0, 0, 3, 20
"c:\Users\Administrator.DESKTOP-25OOQGO\Desktop\React\React核心\reactdemo copy 2\src\components\Carousel\index.jsx", "JavaScript React", 0, 164, 0, 0, 0, 0, 0, 0, 13, 177
"c:\Users\Administrator.DESKTOP-25OOQGO\Desktop\React\React核心\reactdemo copy 2\src\components\CheckBoxGroup\index.jsx", "JavaScript React", 0, 47, 0, 0, 0, 0, 0, 8, 3, 58
"c:\Users\Administrator.DESKTOP-25OOQGO\Desktop\React\React核心\reactdemo copy 2\src\components\Demo.jsx", "JavaScript React", 0, 25, 0, 0, 0, 0, 0, 9, 2, 36
"c:\Users\Administrator.DESKTOP-25OOQGO\Desktop\React\React核心\reactdemo copy 2\src\components\DemoFour\A.jsx", "JavaScript React", 0, 38, 0, 0, 0, 0, 0, 0, 7, 45
"c:\Users\Administrator.DESKTOP-25OOQGO\Desktop\React\React核心\reactdemo copy 2\src\components\DemoFour\B.jsx", "JavaScript React", 0, 15, 0, 0, 0, 0, 0, 0, 2, 17
"c:\Users\Administrator.DESKTOP-25OOQGO\Desktop\React\React核心\reactdemo copy 2\src\components\DemoFour\C.jsx", "JavaScript React", 0, 16, 0, 0, 0, 0, 0, 7, 6, 29
"c:\Users\Administrator.DESKTOP-25OOQGO\Desktop\React\React核心\reactdemo copy 2\src\components\DemoFour\D.jsx", "JavaScript React", 0, 30, 0, 0, 0, 0, 0, 0, 4, 34
"c:\Users\Administrator.DESKTOP-25OOQGO\Desktop\React\React核心\reactdemo copy 2\src\components\DemoSeven\A.jsx", "JavaScript React", 0, 16, 0, 0, 0, 0, 0, 0, 2, 18
"c:\Users\Administrator.DESKTOP-25OOQGO\Desktop\React\React核心\reactdemo copy 2\src\components\DemoSeven\B.jsx", "JavaScript React", 0, 12, 0, 0, 0, 0, 0, 14, 3, 29
"c:\Users\Administrator.DESKTOP-25OOQGO\Desktop\React\React核心\reactdemo copy 2\src\components\DemoSeven\context.js", "JavaScript", 0, 0, 0, 0, 0, 3, 0, 0, 2, 5
"c:\Users\Administrator.DESKTOP-25OOQGO\Desktop\React\React核心\reactdemo copy 2\src\components\DemoSix\EffectHookDemo.jsx", "JavaScript React", 0, 18, 0, 0, 0, 0, 0, 1, 4, 23
"c:\Users\Administrator.DESKTOP-25OOQGO\Desktop\React\React核心\reactdemo copy 2\src\components\DemoSix\UseStateDemo.jsx", "JavaScript React", 0, 25, 0, 0, 0, 0, 0, 4, 4, 33
"c:\Users\Administrator.DESKTOP-25OOQGO\Desktop\React\React核心\reactdemo copy 2\src\components\DemoThree\DemoHoc.jsx", "JavaScript React", 0, 14, 0, 0, 0, 0, 0, 0, 2, 16
"c:\Users\Administrator.DESKTOP-25OOQGO\Desktop\React\React核心\reactdemo copy 2\src\components\DemoThree\index.jsx", "JavaScript React", 0, 19, 0, 0, 0, 0, 0, 0, 3, 22
"c:\Users\Administrator.DESKTOP-25OOQGO\Desktop\React\React核心\reactdemo copy 2\src\components\DemoTwo.jsx", "JavaScript React", 0, 15, 0, 0, 0, 0, 0, 0, 2, 17
"c:\Users\Administrator.DESKTOP-25OOQGO\Desktop\React\React核心\reactdemo copy 2\src\components\FadeTransition\index.css", "CSS", 0, 0, 0, 13, 0, 0, 0, 0, 4, 17
"c:\Users\Administrator.DESKTOP-25OOQGO\Desktop\React\React核心\reactdemo copy 2\src\components\FadeTransition\index.jsx", "JavaScript React", 0, 28, 0, 0, 0, 0, 0, 0, 3, 31
"c:\Users\Administrator.DESKTOP-25OOQGO\Desktop\React\React核心\reactdemo copy 2\src\components\Form\context.js", "JavaScript", 0, 0, 0, 0, 0, 4, 0, 0, 4, 8
"c:\Users\Administrator.DESKTOP-25OOQGO\Desktop\React\React核心\reactdemo copy 2\src\components\Form\index.jsx", "JavaScript React", 0, 40, 0, 0, 0, 0, 0, 0, 6, 46
"c:\Users\Administrator.DESKTOP-25OOQGO\Desktop\React\React核心\reactdemo copy 2\src\components\FunStuPage\Page.css", "CSS", 0, 0, 0, 12, 0, 0, 0, 0, 3, 15
"c:\Users\Administrator.DESKTOP-25OOQGO\Desktop\React\React核心\reactdemo copy 2\src\components\FunStuPage\Page.jsx", "JavaScript React", 0, 57, 0, 0, 0, 0, 0, 1, 7, 65
"c:\Users\Administrator.DESKTOP-25OOQGO\Desktop\React\React核心\reactdemo copy 2\src\components\FunStuPage\Student.jsx", "JavaScript React", 0, 14, 0, 0, 0, 0, 0, 0, 2, 16
"c:\Users\Administrator.DESKTOP-25OOQGO\Desktop\React\React核心\reactdemo copy 2\src\components\FunStuPage\StudentList.jsx", "JavaScript React", 0, 41, 0, 0, 0, 0, 0, 0, 8, 49
"c:\Users\Administrator.DESKTOP-25OOQGO\Desktop\React\React核心\reactdemo copy 2\src\components\Image\index.css", "CSS", 0, 0, 0, 10, 0, 0, 0, 0, 2, 12
"c:\Users\Administrator.DESKTOP-25OOQGO\Desktop\React\React核心\reactdemo copy 2\src\components\Image\index.jsx", "JavaScript React", 0, 37, 0, 0, 0, 0, 0, 0, 5, 42
"c:\Users\Administrator.DESKTOP-25OOQGO\Desktop\React\React核心\reactdemo copy 2\src\components\Input\index.jsx", "JavaScript React", 0, 34, 0, 0, 0, 0, 0, 0, 5, 39
"c:\Users\Administrator.DESKTOP-25OOQGO\Desktop\React\React核心\reactdemo copy 2\src\components\Layout\index.css", "CSS", 0, 0, 0, 20, 0, 0, 0, 0, 5, 25
"c:\Users\Administrator.DESKTOP-25OOQGO\Desktop\React\React核心\reactdemo copy 2\src\components\Layout\index.jsx", "JavaScript React", 0, 47, 0, 0, 0, 0, 0, 0, 2, 49
"c:\Users\Administrator.DESKTOP-25OOQGO\Desktop\React\React核心\reactdemo copy 2\src\components\Mantle\Test.jsx", "JavaScript React", 0, 43, 0, 0, 0, 0, 0, 0, 2, 45
"c:\Users\Administrator.DESKTOP-25OOQGO\Desktop\React\React核心\reactdemo copy 2\src\components\Mantle\index.css", "CSS", 0, 0, 0, 17, 0, 0, 0, 0, 2, 19
"c:\Users\Administrator.DESKTOP-25OOQGO\Desktop\React\React核心\reactdemo copy 2\src\components\Mantle\index.jsx", "JavaScript React", 0, 27, 0, 0, 0, 0, 0, 0, 2, 29
"c:\Users\Administrator.DESKTOP-25OOQGO\Desktop\React\React核心\reactdemo copy 2\src\components\NewContext\A.jsx", "JavaScript React", 0, 34, 0, 0, 0, 0, 0, 7, 3, 44
"c:\Users\Administrator.DESKTOP-25OOQGO\Desktop\React\React核心\reactdemo copy 2\src\components\NewContext\B.jsx", "JavaScript React", 0, 26, 0, 0, 0, 0, 0, 0, 2, 28
"c:\Users\Administrator.DESKTOP-25OOQGO\Desktop\React\React核心\reactdemo copy 2\src\components\NewContext\C.jsx", "JavaScript React", 0, 19, 0, 0, 0, 0, 0, 1, 4, 24
"c:\Users\Administrator.DESKTOP-25OOQGO\Desktop\React\React核心\reactdemo copy 2\src\components\NewContext\D.jsx", "JavaScript React", 0, 22, 0, 0, 0, 0, 0, 0, 2, 24
"c:\Users\Administrator.DESKTOP-25OOQGO\Desktop\React\React核心\reactdemo copy 2\src\components\NewContext\context.js", "JavaScript", 0, 0, 0, 0, 0, 7, 0, 5, 3, 15
"c:\Users\Administrator.DESKTOP-25OOQGO\Desktop\React\React核心\reactdemo copy 2\src\components\NewLife.jsx", "JavaScript React", 0, 37, 0, 0, 0, 0, 0, 0, 6, 43
"c:\Users\Administrator.DESKTOP-25OOQGO\Desktop\React\React核心\reactdemo copy 2\src\components\NewLifeBox.jsx", "JavaScript React", 0, 25, 0, 0, 0, 0, 0, 0, 2, 27
"c:\Users\Administrator.DESKTOP-25OOQGO\Desktop\React\React核心\reactdemo copy 2\src\components\OldContext\A.jsx", "JavaScript React", 0, 30, 0, 0, 0, 0, 0, 2, 3, 35
"c:\Users\Administrator.DESKTOP-25OOQGO\Desktop\React\React核心\reactdemo copy 2\src\components\OldContext\B.jsx", "JavaScript React", 0, 35, 0, 0, 0, 0, 0, 3, 2, 40
"c:\Users\Administrator.DESKTOP-25OOQGO\Desktop\React\React核心\reactdemo copy 2\src\components\OldContext\C.jsx", "JavaScript React", 0, 23, 0, 0, 0, 0, 0, 1, 3, 27
"c:\Users\Administrator.DESKTOP-25OOQGO\Desktop\React\React核心\reactdemo copy 2\src\components\OldLife.jsx", "JavaScript React", 0, 44, 0, 0, 0, 0, 0, 0, 6, 50
"c:\Users\Administrator.DESKTOP-25OOQGO\Desktop\React\React核心\reactdemo copy 2\src\components\OldLifeBox.jsx", "JavaScript React", 0, 25, 0, 0, 0, 0, 0, 0, 2, 27
"c:\Users\Administrator.DESKTOP-25OOQGO\Desktop\React\React核心\reactdemo copy 2\src\components\Page.jsx", "JavaScript React", 0, 66, 0, 0, 0, 0, 0, 9, 4, 79
"c:\Users\Administrator.DESKTOP-25OOQGO\Desktop\React\React核心\reactdemo copy 2\src\components\RadioGroup\index.jsx", "JavaScript React", 0, 47, 0, 0, 0, 0, 0, 8, 3, 58
"c:\Users\Administrator.DESKTOP-25OOQGO\Desktop\React\React核心\reactdemo copy 2\src\components\Sphere.jsx", "JavaScript React", 0, 59, 0, 0, 0, 0, 0, 9, 2, 70
"c:\Users\Administrator.DESKTOP-25OOQGO\Desktop\React\React核心\reactdemo copy 2\src\components\SphereList.jsx", "JavaScript React", 0, 36, 0, 0, 0, 0, 0, 0, 2, 38
"c:\Users\Administrator.DESKTOP-25OOQGO\Desktop\React\React核心\reactdemo copy 2\src\components\StudentList.jsx", "JavaScript React", 0, 12, 0, 0, 0, 0, 0, 0, 3, 15
"c:\Users\Administrator.DESKTOP-25OOQGO\Desktop\React\React核心\reactdemo copy 2\src\components\StudentPage.jsx", "JavaScript React", 0, 27, 0, 0, 0, 0, 0, 0, 2, 29
"c:\Users\Administrator.DESKTOP-25OOQGO\Desktop\React\React核心\reactdemo copy 2\src\components\StudentTable.jsx", "JavaScript React", 0, 13, 0, 0, 0, 0, 0, 0, 2, 15
"c:\Users\Administrator.DESKTOP-25OOQGO\Desktop\React\React核心\reactdemo copy 2\src\components\Tick.jsx", "JavaScript React", 0, 30, 0, 0, 0, 0, 0, 10, 4, 44
"c:\Users\Administrator.DESKTOP-25OOQGO\Desktop\React\React核心\reactdemo copy 2\src\components\TickTwo.jsx", "JavaScript React", 0, 41, 0, 0, 0, 0, 0, 0, 2, 43
"c:\Users\Administrator.DESKTOP-25OOQGO\Desktop\React\React核心\reactdemo copy 2\src\index copy 10.jsx", "JavaScript React", 0, 12, 0, 0, 0, 0, 0, 0, 2, 14
"c:\Users\Administrator.DESKTOP-25OOQGO\Desktop\React\React核心\reactdemo copy 2\src\index copy 11.jsx", "JavaScript React", 0, 12, 0, 0, 0, 0, 0, 0, 2, 14
"c:\Users\Administrator.DESKTOP-25OOQGO\Desktop\React\React核心\reactdemo copy 2\src\index copy 12.jsx", "JavaScript React", 0, 11, 0, 0, 0, 0, 0, 0, 2, 13
"c:\Users\Administrator.DESKTOP-25OOQGO\Desktop\React\React核心\reactdemo copy 2\src\index copy 13.jsx", "JavaScript React", 0, 12, 0, 0, 0, 0, 0, 0, 2, 14
"c:\Users\Administrator.DESKTOP-25OOQGO\Desktop\React\React核心\reactdemo copy 2\src\index copy 14.jsx", "JavaScript React", 0, 18, 0, 0, 0, 0, 0, 1, 7, 26
"c:\Users\Administrator.DESKTOP-25OOQGO\Desktop\React\React核心\reactdemo copy 2\src\index copy 15.jsx", "JavaScript React", 0, 10, 0, 0, 0, 0, 0, 0, 3, 13
"c:\Users\Administrator.DESKTOP-25OOQGO\Desktop\React\React核心\reactdemo copy 2\src\index copy 2.jsx", "JavaScript React", 0, 34, 0, 0, 0, 0, 0, 16, 12, 62
"c:\Users\Administrator.DESKTOP-25OOQGO\Desktop\React\React核心\reactdemo copy 2\src\index copy 3.jsx", "JavaScript React", 0, 26, 0, 0, 0, 0, 0, 0, 6, 32
"c:\Users\Administrator.DESKTOP-25OOQGO\Desktop\React\React核心\reactdemo copy 2\src\index copy 4.jsx", "JavaScript React", 0, 25, 0, 0, 0, 0, 0, 0, 2, 27
"c:\Users\Administrator.DESKTOP-25OOQGO\Desktop\React\React核心\reactdemo copy 2\src\index copy 5.jsx", "JavaScript React", 0, 11, 0, 0, 0, 0, 0, 28, 5, 44
"c:\Users\Administrator.DESKTOP-25OOQGO\Desktop\React\React核心\reactdemo copy 2\src\index copy 6.jsx", "JavaScript React", 0, 11, 0, 0, 0, 0, 0, 0, 2, 13
"c:\Users\Administrator.DESKTOP-25OOQGO\Desktop\React\React核心\reactdemo copy 2\src\index copy 7.jsx", "JavaScript React", 0, 14, 0, 0, 0, 0, 0, 4, 5, 23
"c:\Users\Administrator.DESKTOP-25OOQGO\Desktop\React\React核心\reactdemo copy 2\src\index copy 8.jsx", "JavaScript React", 0, 25, 0, 0, 0, 0, 0, 0, 3, 28
"c:\Users\Administrator.DESKTOP-25OOQGO\Desktop\React\React核心\reactdemo copy 2\src\index copy 9.jsx", "JavaScript React", 0, 13, 0, 0, 0, 0, 0, 0, 2, 15
"c:\Users\Administrator.DESKTOP-25OOQGO\Desktop\React\React核心\reactdemo copy 2\src\index copy.jsx", "JavaScript React", 0, 37, 0, 0, 0, 0, 0, 3, 4, 44
"c:\Users\Administrator.DESKTOP-25OOQGO\Desktop\React\React核心\reactdemo copy 2\src\index.jsx", "JavaScript React", 0, 6, 0, 0, 0, 0, 0, 1, 3, 10
"c:\Users\Administrator.DESKTOP-25OOQGO\Desktop\React\React核心\reactdemo copy 2\src\index.md", "Markdown", 1000, 0, 0, 0, 0, 0, 0, 0, 256, 1256
"c:\Users\Administrator.DESKTOP-25OOQGO\Desktop\React\React核心\reactdemo copy 2\src\style\app.css", "CSS", 0, 0, 0, 0, 0, 0, 0, 81, 2, 83
"c:\Users\Administrator.DESKTOP-25OOQGO\Desktop\React\React核心\reactdemo copy 2\src\style\global.css", "CSS", 0, 0, 0, 46, 0, 0, 0, 1, 6, 53
"c:\Users\Administrator.DESKTOP-25OOQGO\Desktop\React\React核心\reactdemo copy 2\src\utils\tools.js", "JavaScript", 0, 0, 0, 0, 0, 24, 0, 10, 4, 38
"c:\Users\Administrator.DESKTOP-25OOQGO\Desktop\React\React核心\reactdemo copy\README.md", "Markdown", 38, 0, 0, 0, 0, 0, 0, 0, 33, 71
"c:\Users\Administrator.DESKTOP-25OOQGO\Desktop\React\React核心\reactdemo copy\package.json", "JSON", 0, 0, 0, 0, 38, 0, 0, 0, 1, 39
"c:\Users\Administrator.DESKTOP-25OOQGO\Desktop\React\React核心\reactdemo copy\public\index.html", "HTML", 0, 0, 20, 0, 0, 0, 0, 23, 1, 44
"c:\Users\Administrator.DESKTOP-25OOQGO\Desktop\React\React核心\reactdemo copy\public\manifest.json", "JSON", 0, 0, 0, 0, 25, 0, 0, 0, 1, 26
"c:\Users\Administrator.DESKTOP-25OOQGO\Desktop\React\React核心\reactdemo copy\src\MyClassComponent.jsx", "JavaScript React", 0, 6, 0, 0, 0, 0, 0, 6, 2, 14
"c:\Users\Administrator.DESKTOP-25OOQGO\Desktop\React\React核心\reactdemo copy\src\MyFunComponent.jsx", "JavaScript React", 0, 4, 0, 0, 0, 0, 0, 1, 2, 7
"c:\Users\Administrator.DESKTOP-25OOQGO\Desktop\React\React核心\reactdemo copy\src\components\StudentList.jsx", "JavaScript React", 0, 12, 0, 0, 0, 0, 0, 0, 3, 15
"c:\Users\Administrator.DESKTOP-25OOQGO\Desktop\React\React核心\reactdemo copy\src\components\StudentTable.jsx", "JavaScript React", 0, 13, 0, 0, 0, 0, 0, 0, 2, 15
"c:\Users\Administrator.DESKTOP-25OOQGO\Desktop\React\React核心\reactdemo copy\src\components\Tick.jsx", "JavaScript React", 0, 0, 0, 0, 0, 0, 0, 0, 1, 1
"c:\Users\Administrator.DESKTOP-25OOQGO\Desktop\React\React核心\reactdemo copy\src\index copy 2.jsx", "JavaScript React", 0, 34, 0, 0, 0, 0, 0, 16, 12, 62
"c:\Users\Administrator.DESKTOP-25OOQGO\Desktop\React\React核心\reactdemo copy\src\index copy 3.jsx", "JavaScript React", 0, 26, 0, 0, 0, 0, 0, 0, 6, 32
"c:\Users\Administrator.DESKTOP-25OOQGO\Desktop\React\React核心\reactdemo copy\src\index copy 4.jsx", "JavaScript React", 0, 25, 0, 0, 0, 0, 0, 0, 2, 27
"c:\Users\Administrator.DESKTOP-25OOQGO\Desktop\React\React核心\reactdemo copy\src\index copy.jsx", "JavaScript React", 0, 37, 0, 0, 0, 0, 0, 3, 4, 44
"c:\Users\Administrator.DESKTOP-25OOQGO\Desktop\React\React核心\reactdemo copy\src\index.jsx", "JavaScript React", 0, 10, 0, 0, 0, 0, 0, 0, 3, 13
"c:\Users\Administrator.DESKTOP-25OOQGO\Desktop\React\React核心\reactdemo copy\src\index.md", "Markdown", 16, 0, 0, 0, 0, 0, 0, 0, 15, 31
"c:\Users\Administrator.DESKTOP-25OOQGO\Desktop\React\React核心\reactdemo copy\src\style\global.css", "CSS", 0, 0, 0, 11, 0, 0, 0, 0, 2, 13
"c:\Users\Administrator.DESKTOP-25OOQGO\Desktop\React\React核心\reactdemo\README.md", "Markdown", 38, 0, 0, 0, 0, 0, 0, 0, 33, 71
"c:\Users\Administrator.DESKTOP-25OOQGO\Desktop\React\React核心\reactdemo\package.json", "JSON", 0, 0, 0, 0, 42, 0, 0, 0, 1, 43
"c:\Users\Administrator.DESKTOP-25OOQGO\Desktop\React\React核心\reactdemo\public\index.html", "HTML", 0, 0, 21, 0, 0, 0, 0, 23, 1, 45
"c:\Users\Administrator.DESKTOP-25OOQGO\Desktop\React\React核心\reactdemo\public\manifest.json", "JSON", 0, 0, 0, 0, 25, 0, 0, 0, 1, 26
"c:\Users\Administrator.DESKTOP-25OOQGO\Desktop\React\React核心\reactdemo\src\App copy 10.jsx", "JavaScript React", 0, 28, 0, 0, 0, 0, 0, 0, 3, 31
"c:\Users\Administrator.DESKTOP-25OOQGO\Desktop\React\React核心\reactdemo\src\App copy 11.jsx", "JavaScript React", 0, 16, 0, 0, 0, 0, 0, 0, 3, 19
"c:\Users\Administrator.DESKTOP-25OOQGO\Desktop\React\React核心\reactdemo\src\App copy 12.jsx", "JavaScript React", 0, 16, 0, 0, 0, 0, 0, 0, 3, 19
"c:\Users\Administrator.DESKTOP-25OOQGO\Desktop\React\React核心\reactdemo\src\App copy 13.jsx", "JavaScript React", 0, 27, 0, 0, 0, 0, 0, 2, 5, 34
"c:\Users\Administrator.DESKTOP-25OOQGO\Desktop\React\React核心\reactdemo\src\App copy 14.jsx", "JavaScript React", 0, 71, 0, 0, 0, 0, 0, 8, 12, 91
"c:\Users\Administrator.DESKTOP-25OOQGO\Desktop\React\React核心\reactdemo\src\App copy 15.jsx", "JavaScript React", 0, 22, 0, 0, 0, 0, 0, 2, 4, 28
"c:\Users\Administrator.DESKTOP-25OOQGO\Desktop\React\React核心\reactdemo\src\App copy 16.jsx", "JavaScript React", 0, 24, 0, 0, 0, 0, 0, 0, 3, 27
"c:\Users\Administrator.DESKTOP-25OOQGO\Desktop\React\React核心\reactdemo\src\App copy 17.jsx", "JavaScript React", 0, 92, 0, 0, 0, 0, 0, 0, 11, 103
"c:\Users\Administrator.DESKTOP-25OOQGO\Desktop\React\React核心\reactdemo\src\App copy 18.jsx", "JavaScript React", 0, 19, 0, 0, 0, 0, 0, 0, 3, 22
"c:\Users\Administrator.DESKTOP-25OOQGO\Desktop\React\React核心\reactdemo\src\App copy 19.jsx", "JavaScript React", 0, 18, 0, 0, 0, 0, 0, 0, 3, 21
"c:\Users\Administrator.DESKTOP-25OOQGO\Desktop\React\React核心\reactdemo\src\App copy 2.jsx", "JavaScript React", 0, 31, 0, 0, 0, 0, 0, 0, 1, 32
"c:\Users\Administrator.DESKTOP-25OOQGO\Desktop\React\React核心\reactdemo\src\App copy 20.jsx", "JavaScript React", 0, 18, 0, 0, 0, 0, 0, 0, 3, 21
"c:\Users\Administrator.DESKTOP-25OOQGO\Desktop\React\React核心\reactdemo\src\App copy 21.jsx", "JavaScript React", 0, 19, 0, 0, 0, 0, 0, 0, 3, 22
"c:\Users\Administrator.DESKTOP-25OOQGO\Desktop\React\React核心\reactdemo\src\App copy 22.jsx", "JavaScript React", 0, 11, 0, 0, 0, 0, 0, 0, 2, 13
"c:\Users\Administrator.DESKTOP-25OOQGO\Desktop\React\React核心\reactdemo\src\App copy 23.jsx", "JavaScript React", 0, 31, 0, 0, 0, 0, 0, 6, 3, 40
"c:\Users\Administrator.DESKTOP-25OOQGO\Desktop\React\React核心\reactdemo\src\App copy 24.jsx", "JavaScript React", 0, 10, 0, 0, 0, 0, 0, 0, 3, 13
"c:\Users\Administrator.DESKTOP-25OOQGO\Desktop\React\React核心\reactdemo\src\App copy 25.jsx", "JavaScript React", 0, 41, 0, 0, 0, 0, 0, 6, 5, 52
"c:\Users\Administrator.DESKTOP-25OOQGO\Desktop\React\React核心\reactdemo\src\App copy 26.jsx", "JavaScript React", 0, 41, 0, 0, 0, 0, 0, 6, 5, 52
"c:\Users\Administrator.DESKTOP-25OOQGO\Desktop\React\React核心\reactdemo\src\App copy 27.jsx", "JavaScript React", 0, 28, 0, 0, 0, 0, 0, 0, 4, 32
"c:\Users\Administrator.DESKTOP-25OOQGO\Desktop\React\React核心\reactdemo\src\App copy 28.jsx", "JavaScript React", 0, 25, 0, 0, 0, 0, 0, 3, 5, 33
"c:\Users\Administrator.DESKTOP-25OOQGO\Desktop\React\React核心\reactdemo\src\App copy 29.jsx", "JavaScript React", 0, 25, 0, 0, 0, 0, 0, 3, 5, 33
"c:\Users\Administrator.DESKTOP-25OOQGO\Desktop\React\React核心\reactdemo\src\App copy 3.jsx", "JavaScript React", 0, 31, 0, 0, 0, 0, 0, 0, 1, 32
"c:\Users\Administrator.DESKTOP-25OOQGO\Desktop\React\React核心\reactdemo\src\App copy 30.jsx", "JavaScript React", 0, 15, 0, 0, 0, 0, 0, 0, 4, 19
"c:\Users\Administrator.DESKTOP-25OOQGO\Desktop\React\React核心\reactdemo\src\App copy 31.jsx", "JavaScript React", 0, 29, 0, 0, 0, 0, 0, 19, 4, 52
"c:\Users\Administrator.DESKTOP-25OOQGO\Desktop\React\React核心\reactdemo\src\App copy 32.jsx", "JavaScript React", 0, 44, 0, 0, 0, 0, 0, 7, 3, 54
"c:\Users\Administrator.DESKTOP-25OOQGO\Desktop\React\React核心\reactdemo\src\App copy 33.jsx", "JavaScript React", 0, 32, 0, 0, 0, 0, 0, 5, 4, 41
"c:\Users\Administrator.DESKTOP-25OOQGO\Desktop\React\React核心\reactdemo\src\App copy 34.jsx", "JavaScript React", 0, 39, 0, 0, 0, 0, 0, 1, 4, 44
"c:\Users\Administrator.DESKTOP-25OOQGO\Desktop\React\React核心\reactdemo\src\App copy 35.jsx", "JavaScript React", 0, 22, 0, 0, 0, 0, 0, 0, 4, 26
"c:\Users\Administrator.DESKTOP-25OOQGO\Desktop\React\React核心\reactdemo\src\App copy 36.jsx", "JavaScript React", 0, 33, 0, 0, 0, 0, 0, 3, 6, 42
"c:\Users\Administrator.DESKTOP-25OOQGO\Desktop\React\React核心\reactdemo\src\App copy 37.jsx", "JavaScript React", 0, 46, 0, 0, 0, 0, 0, 3, 7, 56
"c:\Users\Administrator.DESKTOP-25OOQGO\Desktop\React\React核心\reactdemo\src\App copy 38.jsx", "JavaScript React", 0, 23, 0, 0, 0, 0, 0, 0, 2, 25
"c:\Users\Administrator.DESKTOP-25OOQGO\Desktop\React\React核心\reactdemo\src\App copy 4.jsx", "JavaScript React", 0, 24, 0, 0, 0, 0, 0, 8, 2, 34
"c:\Users\Administrator.DESKTOP-25OOQGO\Desktop\React\React核心\reactdemo\src\App copy 5.jsx", "JavaScript React", 0, 20, 0, 0, 0, 0, 0, 0, 3, 23
"c:\Users\Administrator.DESKTOP-25OOQGO\Desktop\React\React核心\reactdemo\src\App copy 6.jsx", "JavaScript React", 0, 58, 0, 0, 0, 0, 0, 5, 3, 66
"c:\Users\Administrator.DESKTOP-25OOQGO\Desktop\React\React核心\reactdemo\src\App copy 7.jsx", "JavaScript React", 0, 34, 0, 0, 0, 0, 0, 0, 6, 40
"c:\Users\Administrator.DESKTOP-25OOQGO\Desktop\React\React核心\reactdemo\src\App copy 8.jsx", "JavaScript React", 0, 18, 0, 0, 0, 0, 0, 0, 3, 21
"c:\Users\Administrator.DESKTOP-25OOQGO\Desktop\React\React核心\reactdemo\src\App copy 9.jsx", "JavaScript React", 0, 16, 0, 0, 0, 0, 0, 0, 3, 19
"c:\Users\Administrator.DESKTOP-25OOQGO\Desktop\React\React核心\reactdemo\src\App copy.jsx", "JavaScript React", 0, 18, 0, 0, 0, 0, 0, 0, 2, 20
"c:\Users\Administrator.DESKTOP-25OOQGO\Desktop\React\React核心\reactdemo\src\App.jsx", "JavaScript React", 0, 10, 0, 0, 0, 0, 0, 33, 2, 45
"c:\Users\Administrator.DESKTOP-25OOQGO\Desktop\React\React核心\reactdemo\src\Hooks\useAllStudent.js", "JavaScript", 0, 0, 0, 0, 0, 11, 0, 0, 1, 12
"c:\Users\Administrator.DESKTOP-25OOQGO\Desktop\React\React核心\reactdemo\src\Hooks\useFouceUpdate.js", "JavaScript", 0, 0, 0, 0, 0, 8, 0, 0, 1, 9
"c:\Users\Administrator.DESKTOP-25OOQGO\Desktop\React\React核心\reactdemo\src\Hooks\usePageStudent.js", "JavaScript", 0, 0, 0, 0, 0, 11, 0, 0, 1, 12
"c:\Users\Administrator.DESKTOP-25OOQGO\Desktop\React\React核心\reactdemo\src\Hooks\useReducer.js", "JavaScript", 0, 0, 0, 0, 0, 10, 0, 7, 2, 19
"c:\Users\Administrator.DESKTOP-25OOQGO\Desktop\React\React核心\reactdemo\src\MyClassComponent.jsx", "JavaScript React", 0, 6, 0, 0, 0, 0, 0, 6, 2, 14
"c:\Users\Administrator.DESKTOP-25OOQGO\Desktop\React\React核心\reactdemo\src\MyFunComponent.jsx", "JavaScript React", 0, 4, 0, 0, 0, 0, 0, 1, 2, 7
"c:\Users\Administrator.DESKTOP-25OOQGO\Desktop\React\React核心\reactdemo\src\components\BlockMove\Test.jsx", "JavaScript React", 0, 33, 0, 0, 0, 0, 0, 0, 3, 36
"c:\Users\Administrator.DESKTOP-25OOQGO\Desktop\React\React核心\reactdemo\src\components\BlockMove\index.css", "CSS", 0, 0, 0, 7, 0, 0, 0, 0, 1, 8
"c:\Users\Administrator.DESKTOP-25OOQGO\Desktop\React\React核心\reactdemo\src\components\BlockMove\index.jsx", "JavaScript React", 0, 50, 0, 0, 0, 0, 0, 8, 6, 64
"c:\Users\Administrator.DESKTOP-25OOQGO\Desktop\React\React核心\reactdemo\src\components\Button\index.jsx", "JavaScript React", 0, 27, 0, 0, 0, 0, 0, 0, 6, 33
"c:\Users\Administrator.DESKTOP-25OOQGO\Desktop\React\React核心\reactdemo\src\components\Carousel\CarouselBtn\index.css", "CSS", 0, 0, 0, 20, 0, 0, 0, 0, 3, 23
"c:\Users\Administrator.DESKTOP-25OOQGO\Desktop\React\React核心\reactdemo\src\components\Carousel\CarouselBtn\index.jsx", "JavaScript React", 0, 32, 0, 0, 0, 0, 0, 0, 5, 37
"c:\Users\Administrator.DESKTOP-25OOQGO\Desktop\React\React核心\reactdemo\src\components\Carousel\CarouselDir\index.css", "CSS", 0, 0, 0, 14, 0, 0, 0, 0, 1, 15
"c:\Users\Administrator.DESKTOP-25OOQGO\Desktop\React\React核心\reactdemo\src\components\Carousel\CarouselDir\index.jsx", "JavaScript React", 0, 43, 0, 0, 0, 0, 0, 0, 5, 48
"c:\Users\Administrator.DESKTOP-25OOQGO\Desktop\React\React核心\reactdemo\src\components\Carousel\index.css", "CSS", 0, 0, 0, 17, 0, 0, 0, 0, 3, 20
"c:\Users\Administrator.DESKTOP-25OOQGO\Desktop\React\React核心\reactdemo\src\components\Carousel\index.jsx", "JavaScript React", 0, 164, 0, 0, 0, 0, 0, 0, 13, 177
"c:\Users\Administrator.DESKTOP-25OOQGO\Desktop\React\React核心\reactdemo\src\components\CheckBoxGroup\index.jsx", "JavaScript React", 0, 47, 0, 0, 0, 0, 0, 8, 3, 58
"c:\Users\Administrator.DESKTOP-25OOQGO\Desktop\React\React核心\reactdemo\src\components\Demo.jsx", "JavaScript React", 0, 25, 0, 0, 0, 0, 0, 9, 2, 36
"c:\Users\Administrator.DESKTOP-25OOQGO\Desktop\React\React核心\reactdemo\src\components\DemoFour\A.jsx", "JavaScript React", 0, 38, 0, 0, 0, 0, 0, 0, 7, 45
"c:\Users\Administrator.DESKTOP-25OOQGO\Desktop\React\React核心\reactdemo\src\components\DemoFour\B.jsx", "JavaScript React", 0, 15, 0, 0, 0, 0, 0, 0, 2, 17
"c:\Users\Administrator.DESKTOP-25OOQGO\Desktop\React\React核心\reactdemo\src\components\DemoFour\C.jsx", "JavaScript React", 0, 16, 0, 0, 0, 0, 0, 7, 6, 29
"c:\Users\Administrator.DESKTOP-25OOQGO\Desktop\React\React核心\reactdemo\src\components\DemoFour\D.jsx", "JavaScript React", 0, 30, 0, 0, 0, 0, 0, 0, 4, 34
"c:\Users\Administrator.DESKTOP-25OOQGO\Desktop\React\React核心\reactdemo\src\components\DemoSeven\A.jsx", "JavaScript React", 0, 16, 0, 0, 0, 0, 0, 0, 2, 18
"c:\Users\Administrator.DESKTOP-25OOQGO\Desktop\React\React核心\reactdemo\src\components\DemoSeven\B.jsx", "JavaScript React", 0, 12, 0, 0, 0, 0, 0, 14, 3, 29
"c:\Users\Administrator.DESKTOP-25OOQGO\Desktop\React\React核心\reactdemo\src\components\DemoSeven\context.js", "JavaScript", 0, 0, 0, 0, 0, 3, 0, 0, 2, 5
"c:\Users\Administrator.DESKTOP-25OOQGO\Desktop\React\React核心\reactdemo\src\components\DemoSix\EffectHookDemo.jsx", "JavaScript React", 0, 18, 0, 0, 0, 0, 0, 1, 4, 23
"c:\Users\Administrator.DESKTOP-25OOQGO\Desktop\React\React核心\reactdemo\src\components\DemoSix\UseStateDemo.jsx", "JavaScript React", 0, 25, 0, 0, 0, 0, 0, 4, 4, 33
"c:\Users\Administrator.DESKTOP-25OOQGO\Desktop\React\React核心\reactdemo\src\components\DemoThree\DemoHoc.jsx", "JavaScript React", 0, 14, 0, 0, 0, 0, 0, 0, 2, 16
"c:\Users\Administrator.DESKTOP-25OOQGO\Desktop\React\React核心\reactdemo\src\components\DemoThree\index.jsx", "JavaScript React", 0, 19, 0, 0, 0, 0, 0, 0, 3, 22
"c:\Users\Administrator.DESKTOP-25OOQGO\Desktop\React\React核心\reactdemo\src\components\DemoTwo.jsx", "JavaScript React", 0, 15, 0, 0, 0, 0, 0, 0, 2, 17
"c:\Users\Administrator.DESKTOP-25OOQGO\Desktop\React\React核心\reactdemo\src\components\FadeTransition\index.css", "CSS", 0, 0, 0, 13, 0, 0, 0, 0, 4, 17
"c:\Users\Administrator.DESKTOP-25OOQGO\Desktop\React\React核心\reactdemo\src\components\FadeTransition\index.jsx", "JavaScript React", 0, 28, 0, 0, 0, 0, 0, 0, 3, 31
"c:\Users\Administrator.DESKTOP-25OOQGO\Desktop\React\React核心\reactdemo\src\components\Form\context.js", "JavaScript", 0, 0, 0, 0, 0, 4, 0, 0, 4, 8
"c:\Users\Administrator.DESKTOP-25OOQGO\Desktop\React\React核心\reactdemo\src\components\Form\index.jsx", "JavaScript React", 0, 40, 0, 0, 0, 0, 0, 0, 6, 46
"c:\Users\Administrator.DESKTOP-25OOQGO\Desktop\React\React核心\reactdemo\src\components\FunStuPage\Page.css", "CSS", 0, 0, 0, 12, 0, 0, 0, 0, 3, 15
"c:\Users\Administrator.DESKTOP-25OOQGO\Desktop\React\React核心\reactdemo\src\components\FunStuPage\Page.jsx", "JavaScript React", 0, 57, 0, 0, 0, 0, 0, 1, 7, 65
"c:\Users\Administrator.DESKTOP-25OOQGO\Desktop\React\React核心\reactdemo\src\components\FunStuPage\Student.jsx", "JavaScript React", 0, 14, 0, 0, 0, 0, 0, 0, 2, 16
"c:\Users\Administrator.DESKTOP-25OOQGO\Desktop\React\React核心\reactdemo\src\components\FunStuPage\StudentList.jsx", "JavaScript React", 0, 41, 0, 0, 0, 0, 0, 0, 8, 49
"c:\Users\Administrator.DESKTOP-25OOQGO\Desktop\React\React核心\reactdemo\src\components\Image\index.css", "CSS", 0, 0, 0, 10, 0, 0, 0, 0, 2, 12
"c:\Users\Administrator.DESKTOP-25OOQGO\Desktop\React\React核心\reactdemo\src\components\Image\index.jsx", "JavaScript React", 0, 37, 0, 0, 0, 0, 0, 0, 5, 42
"c:\Users\Administrator.DESKTOP-25OOQGO\Desktop\React\React核心\reactdemo\src\components\Input\index.jsx", "JavaScript React", 0, 34, 0, 0, 0, 0, 0, 0, 5, 39
"c:\Users\Administrator.DESKTOP-25OOQGO\Desktop\React\React核心\reactdemo\src\components\Layout\index.css", "CSS", 0, 0, 0, 20, 0, 0, 0, 0, 5, 25
"c:\Users\Administrator.DESKTOP-25OOQGO\Desktop\React\React核心\reactdemo\src\components\Layout\index.jsx", "JavaScript React", 0, 47, 0, 0, 0, 0, 0, 0, 2, 49
"c:\Users\Administrator.DESKTOP-25OOQGO\Desktop\React\React核心\reactdemo\src\components\Mantle\Test.jsx", "JavaScript React", 0, 43, 0, 0, 0, 0, 0, 0, 2, 45
"c:\Users\Administrator.DESKTOP-25OOQGO\Desktop\React\React核心\reactdemo\src\components\Mantle\index.css", "CSS", 0, 0, 0, 17, 0, 0, 0, 0, 2, 19
"c:\Users\Administrator.DESKTOP-25OOQGO\Desktop\React\React核心\reactdemo\src\components\Mantle\index.jsx", "JavaScript React", 0, 27, 0, 0, 0, 0, 0, 0, 2, 29
"c:\Users\Administrator.DESKTOP-25OOQGO\Desktop\React\React核心\reactdemo\src\components\NewContext\A.jsx", "JavaScript React", 0, 34, 0, 0, 0, 0, 0, 7, 3, 44
"c:\Users\Administrator.DESKTOP-25OOQGO\Desktop\React\React核心\reactdemo\src\components\NewContext\B.jsx", "JavaScript React", 0, 26, 0, 0, 0, 0, 0, 0, 2, 28
"c:\Users\Administrator.DESKTOP-25OOQGO\Desktop\React\React核心\reactdemo\src\components\NewContext\C.jsx", "JavaScript React", 0, 19, 0, 0, 0, 0, 0, 1, 4, 24
"c:\Users\Administrator.DESKTOP-25OOQGO\Desktop\React\React核心\reactdemo\src\components\NewContext\D.jsx", "JavaScript React", 0, 22, 0, 0, 0, 0, 0, 0, 2, 24
"c:\Users\Administrator.DESKTOP-25OOQGO\Desktop\React\React核心\reactdemo\src\components\NewContext\context.js", "JavaScript", 0, 0, 0, 0, 0, 7, 0, 5, 3, 15
"c:\Users\Administrator.DESKTOP-25OOQGO\Desktop\React\React核心\reactdemo\src\components\NewLife.jsx", "JavaScript React", 0, 37, 0, 0, 0, 0, 0, 0, 6, 43
"c:\Users\Administrator.DESKTOP-25OOQGO\Desktop\React\React核心\reactdemo\src\components\NewLifeBox.jsx", "JavaScript React", 0, 25, 0, 0, 0, 0, 0, 0, 2, 27
"c:\Users\Administrator.DESKTOP-25OOQGO\Desktop\React\React核心\reactdemo\src\components\OldContext\A.jsx", "JavaScript React", 0, 30, 0, 0, 0, 0, 0, 2, 3, 35
"c:\Users\Administrator.DESKTOP-25OOQGO\Desktop\React\React核心\reactdemo\src\components\OldContext\B.jsx", "JavaScript React", 0, 35, 0, 0, 0, 0, 0, 3, 2, 40
"c:\Users\Administrator.DESKTOP-25OOQGO\Desktop\React\React核心\reactdemo\src\components\OldContext\C.jsx", "JavaScript React", 0, 23, 0, 0, 0, 0, 0, 1, 3, 27
"c:\Users\Administrator.DESKTOP-25OOQGO\Desktop\React\React核心\reactdemo\src\components\OldLife.jsx", "JavaScript React", 0, 44, 0, 0, 0, 0, 0, 0, 6, 50
"c:\Users\Administrator.DESKTOP-25OOQGO\Desktop\React\React核心\reactdemo\src\components\OldLifeBox.jsx", "JavaScript React", 0, 25, 0, 0, 0, 0, 0, 0, 2, 27
"c:\Users\Administrator.DESKTOP-25OOQGO\Desktop\React\React核心\reactdemo\src\components\Page.jsx", "JavaScript React", 0, 66, 0, 0, 0, 0, 0, 9, 4, 79
"c:\Users\Administrator.DESKTOP-25OOQGO\Desktop\React\React核心\reactdemo\src\components\RadioGroup\index.jsx", "JavaScript React", 0, 47, 0, 0, 0, 0, 0, 8, 3, 58
"c:\Users\Administrator.DESKTOP-25OOQGO\Desktop\React\React核心\reactdemo\src\components\Sphere.jsx", "JavaScript React", 0, 59, 0, 0, 0, 0, 0, 9, 2, 70
"c:\Users\Administrator.DESKTOP-25OOQGO\Desktop\React\React核心\reactdemo\src\components\SphereList.jsx", "JavaScript React", 0, 36, 0, 0, 0, 0, 0, 0, 2, 38
"c:\Users\Administrator.DESKTOP-25OOQGO\Desktop\React\React核心\reactdemo\src\components\StudentLayout\index.css", "CSS", 0, 0, 0, 24, 0, 0, 0, 1, 5, 30
"c:\Users\Administrator.DESKTOP-25OOQGO\Desktop\React\React核心\reactdemo\src\components\StudentLayout\index.jsx", "JavaScript React", 0, 19, 0, 0, 0, 0, 0, 0, 3, 22
"c:\Users\Administrator.DESKTOP-25OOQGO\Desktop\React\React核心\reactdemo\src\components\StudentList.jsx", "JavaScript React", 0, 12, 0, 0, 0, 0, 0, 0, 3, 15
"c:\Users\Administrator.DESKTOP-25OOQGO\Desktop\React\React核心\reactdemo\src\components\StudentPage.jsx", "JavaScript React", 0, 27, 0, 0, 0, 0, 0, 0, 2, 29
"c:\Users\Administrator.DESKTOP-25OOQGO\Desktop\React\React核心\reactdemo\src\components\StudentTable.jsx", "JavaScript React", 0, 13, 0, 0, 0, 0, 0, 0, 2, 15
"c:\Users\Administrator.DESKTOP-25OOQGO\Desktop\React\React核心\reactdemo\src\components\Tick.jsx", "JavaScript React", 0, 30, 0, 0, 0, 0, 0, 10, 4, 44
"c:\Users\Administrator.DESKTOP-25OOQGO\Desktop\React\React核心\reactdemo\src\components\TickTwo.jsx", "JavaScript React", 0, 41, 0, 0, 0, 0, 0, 0, 2, 43
"c:\Users\Administrator.DESKTOP-25OOQGO\Desktop\React\React核心\reactdemo\src\index copy 10.jsx", "JavaScript React", 0, 12, 0, 0, 0, 0, 0, 0, 2, 14
"c:\Users\Administrator.DESKTOP-25OOQGO\Desktop\React\React核心\reactdemo\src\index copy 11.jsx", "JavaScript React", 0, 12, 0, 0, 0, 0, 0, 0, 2, 14
"c:\Users\Administrator.DESKTOP-25OOQGO\Desktop\React\React核心\reactdemo\src\index copy 12.jsx", "JavaScript React", 0, 11, 0, 0, 0, 0, 0, 0, 2, 13
"c:\Users\Administrator.DESKTOP-25OOQGO\Desktop\React\React核心\reactdemo\src\index copy 13.jsx", "JavaScript React", 0, 12, 0, 0, 0, 0, 0, 0, 2, 14
"c:\Users\Administrator.DESKTOP-25OOQGO\Desktop\React\React核心\reactdemo\src\index copy 14.jsx", "JavaScript React", 0, 18, 0, 0, 0, 0, 0, 1, 7, 26
"c:\Users\Administrator.DESKTOP-25OOQGO\Desktop\React\React核心\reactdemo\src\index copy 15.jsx", "JavaScript React", 0, 10, 0, 0, 0, 0, 0, 0, 3, 13
"c:\Users\Administrator.DESKTOP-25OOQGO\Desktop\React\React核心\reactdemo\src\index copy 2.jsx", "JavaScript React", 0, 34, 0, 0, 0, 0, 0, 16, 12, 62
"c:\Users\Administrator.DESKTOP-25OOQGO\Desktop\React\React核心\reactdemo\src\index copy 3.jsx", "JavaScript React", 0, 26, 0, 0, 0, 0, 0, 0, 6, 32
"c:\Users\Administrator.DESKTOP-25OOQGO\Desktop\React\React核心\reactdemo\src\index copy 4.jsx", "JavaScript React", 0, 25, 0, 0, 0, 0, 0, 0, 2, 27
"c:\Users\Administrator.DESKTOP-25OOQGO\Desktop\React\React核心\reactdemo\src\index copy 5.jsx", "JavaScript React", 0, 11, 0, 0, 0, 0, 0, 28, 5, 44
"c:\Users\Administrator.DESKTOP-25OOQGO\Desktop\React\React核心\reactdemo\src\index copy 6.jsx", "JavaScript React", 0, 11, 0, 0, 0, 0, 0, 0, 2, 13
"c:\Users\Administrator.DESKTOP-25OOQGO\Desktop\React\React核心\reactdemo\src\index copy 7.jsx", "JavaScript React", 0, 14, 0, 0, 0, 0, 0, 4, 5, 23
"c:\Users\Administrator.DESKTOP-25OOQGO\Desktop\React\React核心\reactdemo\src\index copy 8.jsx", "JavaScript React", 0, 25, 0, 0, 0, 0, 0, 0, 3, 28
"c:\Users\Administrator.DESKTOP-25OOQGO\Desktop\React\React核心\reactdemo\src\index copy 9.jsx", "JavaScript React", 0, 13, 0, 0, 0, 0, 0, 0, 2, 15
"c:\Users\Administrator.DESKTOP-25OOQGO\Desktop\React\React核心\reactdemo\src\index copy.jsx", "JavaScript React", 0, 37, 0, 0, 0, 0, 0, 3, 4, 44
"c:\Users\Administrator.DESKTOP-25OOQGO\Desktop\React\React核心\reactdemo\src\index.jsx", "JavaScript React", 0, 7, 0, 0, 0, 0, 0, 0, 3, 10
"c:\Users\Administrator.DESKTOP-25OOQGO\Desktop\React\React核心\reactdemo\src\index.md", "Markdown", 1016, 0, 0, 0, 0, 0, 0, 0, 260, 1276
"c:\Users\Administrator.DESKTOP-25OOQGO\Desktop\React\React核心\reactdemo\src\page\Admin\Header\header.css", "CSS", 0, 0, 0, 7, 0, 0, 0, 0, 0, 7
"c:\Users\Administrator.DESKTOP-25OOQGO\Desktop\React\React核心\reactdemo\src\page\Admin\Header\index.jsx", "JavaScript React", 0, 12, 0, 0, 0, 0, 0, 0, 2, 14
"c:\Users\Administrator.DESKTOP-25OOQGO\Desktop\React\React核心\reactdemo\src\page\Admin\Main\index.jsx", "JavaScript React", 0, 21, 0, 0, 0, 0, 0, 0, 2, 23
"c:\Users\Administrator.DESKTOP-25OOQGO\Desktop\React\React核心\reactdemo\src\page\Admin\Main\main.css", "CSS", 0, 0, 0, 0, 0, 0, 0, 0, 1, 1
"c:\Users\Administrator.DESKTOP-25OOQGO\Desktop\React\React核心\reactdemo\src\page\Admin\Side\index.jsx", "JavaScript React", 0, 13, 0, 0, 0, 0, 0, 0, 3, 16
"c:\Users\Administrator.DESKTOP-25OOQGO\Desktop\React\React核心\reactdemo\src\page\Admin\Side\side.css", "CSS", 0, 0, 0, 16, 0, 0, 0, 0, 3, 19
"c:\Users\Administrator.DESKTOP-25OOQGO\Desktop\React\React核心\reactdemo\src\page\Admin\view\Curriculum\Add.jsx", "JavaScript React", 0, 8, 0, 0, 0, 0, 0, 0, 2, 10
"c:\Users\Administrator.DESKTOP-25OOQGO\Desktop\React\React核心\reactdemo\src\page\Admin\view\Curriculum\List.jsx", "JavaScript React", 0, 8, 0, 0, 0, 0, 0, 0, 2, 10
"c:\Users\Administrator.DESKTOP-25OOQGO\Desktop\React\React核心\reactdemo\src\page\Admin\view\Hello\index.jsx", "JavaScript React", 0, 8, 0, 0, 0, 0, 0, 0, 2, 10
"c:\Users\Administrator.DESKTOP-25OOQGO\Desktop\React\React核心\reactdemo\src\page\Admin\view\Student\Add.jsx", "JavaScript React", 0, 8, 0, 0, 0, 0, 0, 0, 2, 10
"c:\Users\Administrator.DESKTOP-25OOQGO\Desktop\React\React核心\reactdemo\src\page\Admin\view\Student\List.jsx", "JavaScript React", 0, 8, 0, 0, 0, 0, 0, 0, 2, 10
"c:\Users\Administrator.DESKTOP-25OOQGO\Desktop\React\React核心\reactdemo\src\page\Login\Login.jsx", "JavaScript React", 0, 32, 0, 0, 0, 0, 0, 0, 4, 36
"c:\Users\Administrator.DESKTOP-25OOQGO\Desktop\React\React核心\reactdemo\src\page\Login\login.css", "CSS", 0, 0, 0, 7, 0, 0, 0, 0, 1, 8
"c:\Users\Administrator.DESKTOP-25OOQGO\Desktop\React\React核心\reactdemo\src\style\app.css", "CSS", 0, 0, 0, 0, 0, 0, 0, 81, 2, 83
"c:\Users\Administrator.DESKTOP-25OOQGO\Desktop\React\React核心\reactdemo\src\style\global.css", "CSS", 0, 0, 0, 46, 0, 0, 0, 1, 6, 53
"c:\Users\Administrator.DESKTOP-25OOQGO\Desktop\React\React核心\reactdemo\src\utils\tools.js", "JavaScript", 0, 0, 0, 0, 0, 24, 0, 10, 4, 38
"c:\Users\Administrator.DESKTOP-25OOQGO\Desktop\React\认识React\Hello React\index.html", "HTML", 0, 0, 35, 0, 0, 0, 0, 6, 0, 41
"c:\Users\Administrator.DESKTOP-25OOQGO\Desktop\React\认识React\React概述.md", "Markdown", 4, 0, 0, 0, 0, 0, 0, 0, 4, 8
"c:\Users\Administrator.DESKTOP-25OOQGO\Desktop\React\认识React\cli\cli.md", "Markdown", 4, 0, 0, 0, 0, 0, 0, 0, 3, 7
"c:\Users\Administrator.DESKTOP-25OOQGO\Desktop\React\认识React\cli\reactdemo\README.md", "Markdown", 38, 0, 0, 0, 0, 0, 0, 0, 33, 71
"c:\Users\Administrator.DESKTOP-25OOQGO\Desktop\React\认识React\cli\reactdemo\package.json", "JSON", 0, 0, 0, 0, 38, 0, 0, 0, 1, 39
"c:\Users\Administrator.DESKTOP-25OOQGO\Desktop\React\认识React\cli\reactdemo\public\index.html", "HTML", 0, 0, 20, 0, 0, 0, 0, 23, 1, 44
"c:\Users\Administrator.DESKTOP-25OOQGO\Desktop\React\认识React\cli\reactdemo\public\manifest.json", "JSON", 0, 0, 0, 0, 25, 0, 0, 0, 1, 26
"c:\Users\Administrator.DESKTOP-25OOQGO\Desktop\React\认识React\cli\reactdemo\src\index.jsx", "JavaScript React", 0, 6, 0, 0, 0, 0, 0, 0, 2, 8
"Total", "-", 2237, 6427, 283, 462, 323, 28148, 1, 2474, 8691, 49046